﻿<?xml version="1.0" encoding="utf-8"?>
<manifest identifier="_6jocBEA5DQU" version="1.0" xmlns="http://www.imsproject.org/xsd/imscp_rootv1p1p2" xmlns:adlcp="http://www.adlnet.org/xsd/adlcp_rootv1p2" xmlns:xsi="http://www.w3.org/2001/XMLSchema-instance" xsi:schemaLocation="http://www.imsproject.org/xsd/imscp_rootv1p1p2 imscp_rootv1p1p2.xsd http://www.imsglobal.org/xsd/imsmd_rootv1p2p1 imsmd_rootv1p2p1.xsd http://www.adlnet.org/xsd/adlcp_rootv1p2 adlcp_rootv1p2.xsd">
  <metadata>
    <schema>ADL SCORM</schema>
    <schemaversion>1.2</schemaversion>
    <lom xmlns="http://www.imsglobal.org/xsd/imsmd_rootv1p2p1" xmlns:xsi="http://www.w3.org/2001/XMLSchema-instance" xsi:schemaLocation="http://www.imsglobal.org/xsd/imsmd_rootv1p2p1 imsmd_rootv1p2p1.xsd">
      <general>
        <title>
          <langstring xml:lang="x-none">Camping Safety at Yosemite</langstring>
        </title>
      </general>
      <lifecycle>
        <version>
          <langstring xml:lang="x-none">1</langstring>
        </version>
        <status>
          <source>
            <langstring xml:lang="x-none">LOMv1.0</langstring>
          </source>
          <value>
            <langstring xml:lang="x-none">Final</langstring>
          </value>
        </status>
      </lifecycle>
      <metametadata>
        <metadatascheme>ADL SCORM 1.2</metadatascheme>
      </metametadata>
      <educational>
        <typicallearningtime>
          <datetime>PT0H0M0S</datetime>
        </typicallearningtime>
      </educational>
      <rights>
        <cost>
          <source>
            <langstring xml:lang="x-none">LOMv1.0</langstring>
          </source>
          <value>
            <langstring xml:lang="x-none">yes</langstring>
          </value>
        </cost>
        <copyrightandotherrestrictions>
          <source>
            <langstring xml:lang="x-none">LOMv1.0</langstring>
          </source>
          <value>
            <langstring xml:lang="x-none">yes</langstring>
          </value>
        </copyrightandotherrestrictions>
      </rights>
    </lom>
  </metadata>
  <organizations default="Camping_Safety_at_Yosemite_ORG">
    <organization identifier="Camping_Safety_at_Yosemite_ORG">
      <title>Camping Safety at Yosemite</title>
      <item identifier="Camping_Safety_at_Yosemite_SCO" isvisible="true" identifierref="__6jocBEA5DQU_RES">
        <title>Camping Safety at Yosemite</title>
      </item>
    </organization>
  </organizations>
  <resources>
    <resource identifier="__6jocBEA5DQU_RES" type="webcontent" href="index_lms.html" adlcp:scormtype="sco">
      <file href="story_content/thumbnail.jpg" />
      <file href="mobile/6CEbON5OxTX_P_115_0_881_501.png" />
      <file href="mobile/6VESLtWyBgb_P_0_47_778_402.png" />
      <file href="mobile/6iwCQP9ZPl4_P_0_0_998_158.png" />
      <file href="mobile/5eNDWHWXOM0.png" />
      <file href="mobile/5gsCmAwyytv_P_0_55_372_855.png" />
      <file href="mobile/66r1aAQuOLF_P_18_0_1454_104.png" />
      <file href="mobile/69BHdoLnPYL_P_35_0_731_454.png" />
      <file href="mobile/6TCDthjvVFT_M_1164_1164_P_160_203_1429_3436.png" />
      <file href="story_content/5djkNLiDRqR.js" />
      <file href="mobile/6aG5zdqsUrL_M_180_180.png" />
      <file href="mobile/5qSGKIiN25u.png" />
      <file href="mobile/6rPdzqzRlF5.png" />
      <file href="mobile/6J0mYEyrVSc.png" />
      <file href="mobile/6gbKe4OZmz0.png" />
      <file href="mobile/6XDkDUtS33i.png" />
      <file href="mobile/5xj69gn2hsY.png" />
      <file href="mobile/6cCBMBEImlG.png" />
      <file href="mobile/5h9SOc6nB5I.png" />
      <file href="mobile/6Lc96SXizSF.png" />
      <file href="mobile/6qRCfAPIZKM.png" />
      <file href="mobile/6XhAbNDPDPO.png" />
      <file href="mobile/6j4Yii2dqA2.png" />
      <file href="mobile/6TymMC8dl5v.png" />
      <file href="mobile/6e2wxn86GeR.png" />
      <file href="mobile/5vxUonxHxov.png" />
      <file href="mobile/6EOSOj9AwXW.png" />
      <file href="mobile/6ZaiIsKoaHO.png" />
      <file href="mobile/6GRycYzk3Pn_Q2A6A6A6_P_0_44_700_393.png" />
      <file href="meta.xml" />
      <file href="story_content/user.js" />
      <file href="mobile/Shape5xFl5z0RV2l.png" />
      <file href="mobile/Shape5rsakguc45L.png" />
      <file href="mobile/Shape6AQsu8sGiJl.png" />
      <file href="mobile/txt__default_6lYmqxuyg88.png" />
      <file href="mobile/txt__default_6QUrnemSRL5.png" />
      <file href="mobile/txt__default_6ViJ9915q2W.png" />
      <file href="mobile/txt__default_6NhT86YtuFd.png" />
      <file href="mobile/txt__default_5u8RZxA6Mm6.png" />
      <file href="mobile/Shape5ZpsdhuSdOs.png" />
      <file href="mobile/Shape6LIQsoWEYhP.png" />
      <file href="mobile/Shape6Z92g966gFa.png" />
      <file href="mobile/Shape5XobUkK5NXP.png" />
      <file href="mobile/Shape5VWo1y76GoG.png" />
      <file href="mobile/Shape6c2J5tyyWZV.png" />
      <file href="mobile/Shape5YqX4hEXUxv.png" />
      <file href="mobile/Shape6XteybMTA25.png" />
      <file href="mobile/Shape5kNzMjcqhol.png" />
      <file href="mobile/Shape6Td5S6Ro12r.png" />
      <file href="mobile/Shape63sv5Ch1GZn.png" />
      <file href="mobile/Shape6XUo7WNvl6l.png" />
      <file href="mobile/Shape6bSIcsZOhuz.png" />
      <file href="mobile/Shape6cFywVVF9Gw.png" />
      <file href="mobile/Shape6YM9IFpc3SF.png" />
      <file href="mobile/Shape6MaQcDZbeZ6.png" />
      <file href="mobile/Shape6O87jP78c0s.png" />
      <file href="mobile/Shape5rK18YjASmp.png" />
      <file href="mobile/txt__default_6Y9ZuFvJYoE.png" />
      <file href="mobile/Shape5pNsfcUkqIN.png" />
      <file href="mobile/Shape6F7jJSeQ7UU.png" />
      <file href="mobile/Shape6TKv0teWK8U.png" />
      <file href="mobile/Shape66Hwpn5bTJO.png" />
      <file href="mobile/txt__default_5XqHUAtbqNV.png" />
      <file href="mobile/txt__default_5vM2V6D9Gsh.png" />
      <file href="mobile/Shape6ivZvPXCOLe.png" />
      <file href="mobile/txt__default_5gEVIJijIYv.png" />
      <file href="mobile/txt__default_6K8m8FlzCK3.png" />
      <file href="mobile/txt__default_5o04tH9A57M.png" />
      <file href="html5/data/css/output.min.css" />
      <file href="html5/data/js/5o70XPklPIc.js" />
      <file href="html5/data/js/5sJXpn3uuFK.js" />
      <file href="html5/data/js/5zci0EXuzFk.js" />
      <file href="html5/data/js/61CxAwSbssY.js" />
      <file href="html5/data/js/62PuQEjoIfC.js" />
      <file href="html5/data/js/69NFStYoTo8.js" />
      <file href="html5/data/js/6alPcxwk1XT.js" />
      <file href="html5/data/js/6WcYRKjuKE2.js" />
      <file href="html5/data/js/6YQJ0E6CqBm.js" />
      <file href="html5/data/js/6Zvhy8nnNLX.js" />
      <file href="html5/data/js/data.js" />
      <file href="html5/data/js/frame.js" />
      <file href="html5/data/js/paths.js" />
      <file href="html5/lib/hls/hls.min.js" />
      <file href="html5/lib/scripts/bootstrapper.min.js" />
      <file href="html5/lib/scripts/frame.desktop.min.js" />
      <file href="html5/lib/scripts/frame.mobile.min.js" />
      <file href="html5/lib/scripts/slides.min.js" />
      <file href="html5/lib/stylesheets/desktop.min.css" />
      <file href="html5/lib/stylesheets/mobile.min.css" />
      <file href="html5/lib/stylesheets/mobile-fonts/open-sans-bold.woff" />
      <file href="html5/lib/stylesheets/mobile-fonts/open-sans-light.woff" />
      <file href="html5/lib/stylesheets/mobile-fonts/open-sans-regular.woff" />
      <file href="analytics-frame.html" />
      <file href="story.html" />
      <file href="index_lms.html" />
      <file href="lms/AICCComm.html" />
      <file href="lms/blank.html" />
      <file href="lms/browsersniff.js" />
      <file href="lms/goodbye.html" />
      <file href="lms/scormdriver.js" />
    </resource>
  </resources>
</manifest>